CompanyID,RegistrationNumber,CompanyName,NoOfEmployees,Location,HiringProcess,Email,URL 
1111,7641852852,MapleTech Solutions,250,"Toronto, ON",Online Application & Interviews,maplitech@gmail.com,www.maplitech.com
1112,3857496003,Northern Lights Logistics,120,"Vancouver, BC",Resume Submission & Phone Screen,nllogistics@yahoo.com,www.nllogistics.ca
1113,9250088848,TrueNorth Consulting,80,"Montreal, QC",Assessment Test & Interviews,truenorth@bizsolutions.net,www.truenorthconsulting.com
1114,1569735558,Aurora Innovations,300,"Calgary, AB",Online Application & Group Interview,aurorainnov@globalventures.org,www.aurorainnovations.ca
1115,7446427442,PolarBear Industries,150,"Ottawa, ON",Resume Submission & Panel Interview,polarbear@gmail.com,www.polarbearind.com
1116,7711132866,BlueSky Technologies,200,"Edmonton, AB",Online Application & Skills Test,blueskytech@yahoo.com,www.blueskytech.ca
1117,8765502759,SilverBirch Finance,90,"Winnipeg, MB",Resume Submission & Interviews,silverbirch@corporatesolutions.net,www.silverbirchfinance.com
1118,9134051958,CedarCreek Retail,400,"Quebec City, QC",Online Application & Group Discussion,cedarcreek@yahoo.com,www.cedarcreekretail.com
1119,8074027276,Frostline Manufacturing,180,"Hamilton, ON",Resume Submission & Practical Test,frostline@globalventures.ca,www.frostlinemfg.com
1120,1263173649,SummitPeak Energy,220,"Kitchener, ON",Online Application & Interviews,summitpeak@gmail.com,www.summitpeakenergy.ca
1121,5260341716,Ironwood Solutions,130,"London, ON",Resume Submission & Phone Screen,ironwood@outlook.com,www.ironwoodsolutions.com
1122,4304498681,CrystalLake Foods,70,"Victoria, BC",Online Application & Interviews,crystallake@yahoo.com,www.crystallakefoods.ca
1123,7203782471,GoldenLeaf Pharmaceuticals,350,"Halifax, NS",Resume Submission & Panel Interview,goldenleaf@gmail.com,www.goldenleafpharma.com
1124,2325483372,RedMaple Media,110,"Mississauga, ON",Online Application & Skills Test,redmaple@businessgrowth.biz,www.redmaplemedia.com
1125,6546534705,WhitePine Logistics,260,"Brampton, ON",Resume Submission & Interviews,whitepine@businessgrowth.biz,www.whitepinelogistics.com
1126,4883557256,EmeraldForest Consulting,95,"Surrey, BC",Online Application & Group Discussion,emeraldforest@yahoo.com,www.emeraldforestconsulting.com
1127,1227725984,ArcticWave Technologies,170,"Laval, QC",Resume Submission & Practical Test,arcticwave@bizsolutions.net,www.arcticwavetech.com
1128,5288666074,SapphireSky Retail,310,"Markham, ON",Online Application & Interviews,sapphiresky@gmail.com,www.sapphireskyretail.com
1129,4296164942,Timberline Energy,140,"Gatineau, QC",Resume Submission & Phone Screen,timberline@outlook.com,www.timberlineenergy.ca
1130,5774396133,OceanView Foods,85,"Longueuil, QC",Online Application & Interviews,oceanview@yahoo.com,www.oceanviewfoods.com
1131,5825699579,MountainPeak Solutions,230,"Burnaby, BC",Resume Submission & Panel Interview,mountainpeak@gmail.com,www.mountainpeaksolutions.com
1132,2568748937,SilverBirch Retail,100,"Saskatoon, SK",Online Application & Skills Test,silverbirchretail@enterpriseltd.com,www.silverbirchretail.com
1133,1459437756,BlueHorizon Media,270,"Regina, SK",Resume Submission & Interviews,bluehorizon@corporatesolutions.net,www.bluehorizonmedia.com
1134,1600806586,GreenValley Pharmaceuticals,160,"Oakville, ON",Online Application & Group Discussion,greenvalley@yahoo.com,www.greenvalleypharma.com
1135,8129112047,CrystalPeak Energy,190,"Richmond, BC",Resume Submission & Practical Test,crystalpeak@gmail.com,www.crystalpeakenergy.com
1136,4505547626,MapleLeaf Logistics,340,"Vaughan, ON",Online Application & Interviews,mapleleaflog@outlook.com,www.mapleleaflogistics.com
1137,4842193555,AuroraPeak Consulting,120,"Burlington, ON",Resume Submission & Phone Screen,aurorapeak@outlook.com,www.aurorapeakconsulting.com
1138,9752400115,Frostline Retail,75,"Richmond Hill, ON",Online Application & Interviews,frostlineretail@yahoo.com,www.frostlineretail.com
1139,6491777245,SummitView Media,210,"Oshawa, ON",Resume Submission & Panel Interview,summitview@techinnovate.ca,www.summitviewmedia.com
1140,2149950587,Ironwood Energy,150,"Sherbrooke, QC",Online Application & Skills Test,ironwoodenergy@globalventures.ca,www.ironwoodenergy.ca
1141,4601489737,GoldenMaple Solutions,280,"Saguenay, QC",Resume Submission & Interviews,goldenmaple@outlook.com,www.goldenmaplesolutions.com
1142,8759162490,RedPine Pharmaceuticals,90,"Lévis, QC",Online Application & Group Discussion,redpine@yahoo.com,www.redpinepharma.com
1143,5833377839,WhiteBirch Media,200,"Kelowna, BC",Resume Submission & Practical Test,whitebirch@gmail.com,www.whitebirchmedia.com
1144,6119558269,EmeraldPeak Logistics,130,"Barrie, ON",Online Application & Interviews,emeraldpeak@gmail.com,www.emeraldpeaklogistics.com
1145,2669791373,ArcticLeaf Consulting,180,"Abbotsford, BC",Resume Submission & Phone Screen,arcticleaf@outlook.com,www.arcticleafconsulting.com
1146,5038345287,SapphireValley Foods,95,"Coquitlam, BC",Online Application & Interviews,sapphirevalley@yahoo.com,www.sapphirevalleyfoods.com
1147,2095304033,TimberPeak Energy,220,"Trois-Rivières, QC",Resume Submission & Panel Interview,timberpeak@gmail.com,www.timberpeakenergy.com
1148,1807563030,OceanPeak Retail,140,"Guelph, ON",Online Application & Skills Test,oceanpeak@yahoo.com,www.oceanpeakretail.com
1149,5257443340,MountainView Media,260,"Cambridge, ON",Resume Submission & Interviews,mountainview@outlook.com,www.mountainviewmedia.com
1150,2741004134,GreenLeaf Logistics,110,"Whitby, ON",Online Application & Group Discussion,greenleaf@corporatesolutions.ca,www.greenleaflogistics.com
1151,5924107647,CrystalValley Pharmaceuticals,170,"Milton, ON",Resume Submission & Practical Test,crystalvalley@bizsolutions.net,www.crystalvalleypharma.com
1152,9894993486,BlueMaple Consulting,300,"Ajax, ON",Online Application & Interviews,bluemaple@yahoo.com,www.bluemapleconsulting.com
1153,1255660366,SilverPeak Energy,85,"Langley, BC",Resume Submission & Phone Screen,silverpeak@outlook.com,www.silverpeakenergy.com
1154,1724145170,GoldenForest Retail,190,"Saanich, BC",Online Application & Interviews,goldenforest@yahoo.com,www.goldenforestretail.com
1155,2733538211,FrostPeak Media,240,"Terrebonne, QC",Resume Submission & Panel Interview,frostpeak@gmail.com,www.frostpeakmedia.com
1156,7200903946,SummitLeaf Solutions,100,"St. Catharines, ON",Online Application & Skills Test,summitleaf@businessgrowth.biz,www.summitleafsolutions.com
1157,2482632135,IronPeak Pharmaceuticals,270,"Kingston, ON",Resume Submission & Interviews,ironpeak@outlook.com,www.ironpeakpharma.com
1158,2837337760,BlueForest Consulting,150,"Waterloo, ON",Online Application & Group Discussion,blueforest@businessgrowth.biz,www.blueforestconsulting.com
1159,7546012339,SilverMaple Logistics,200,"Delta, BC",Resume Submission & Practical Test,silvermaple@gmail.com,www.silvermaplelogistics.com
1160,6256567849,GoldenPeak Media,130,"Thunder Bay, ON",Online Application & Interviews,goldenpeak@businessgrowth.biz,www.goldenpeakmedia.com