EmployeeID,FirstName,LastName,Position,CompanyID
1001,John,Smith,Software Engineer,1144
1002,Sarah,Johnson,Data Analyst,1119
1003,Michael,Brown,Project Manager,1153
1004,Emily,Davis,HR Manager,1123
1005,David,Wilson,QA Engineer,1115
1006,Laura,Martinez,Business Analyst,1112
1007,James,Taylor,Software Engineer,1132
1008,Olivia,Anderson,UX Designer,1137
1009,William,Thomas,DevOps Engineer,1116
1010,Sophia,White,Financial Analyst,1145
1011,Daniel,Harris,Cloud Architect,1137
1012,Grace,Martin,Technical Writer,1149
1013,Ethan,Thompson,Frontend Developer,1116
1014,Isabella,Garcia,Backend Developer,1140
1015,Henry,Martinez,IT Support,1148
1016,Mia,Robinson,Cybersecurity Eng,1148
1017,Benjamin,Clark,Network Engineer,1120
1018,Ava,Rodriguez,HR Coordinator,1146
1019,Joseph,Lewis,Solutions Architect,1145
1020,Charlotte,Walker,Database Admin,1131
1021,Matthew,Hall,Marketing Manager,1153
1022,Lily,Allen,Product Manager,1126
1023,Samuel,Young,Scrum Master,1159
1024,Zoe,King,Sales Manager,1152
1025,Andrew,Wright,Graphic Designer,1154
1026,Scarlett,Scott,Machine Learning Eng.,1140
1027,Ryan,Adams,Robotics Engineer,1149
1028,Hannah,Baker,Game Developer,1140
1029,Nathan,Gonzalez,Security Analyst,1151
1030,Madison,Nelson,AI Specialist,1111
1031,Christopher,Carter,Business Consultant,1111
1032,Victoria,Perez,Research Scientist,1111
1033,Jack,Roberts,E-commerce Manager,1129
1034,Aria,Phillips,Technical Recruiter,1142
1035,Lucas,Evans,IT Manager,1130
1036,Layla,Edwards,Data Scientist,1139
1037,Dylan,Collins,Cloud Engineer,1160
1038,Aubrey,Stewart,Operations Manager,1149
1039,Elijah,Sanchez,AI Researcher,1159
1040,Penelope,Morris,Financial Consultant,1154
1041,Carter,Rogers,Legal Advisor,1143
1042,Stella,Reed,Business Intelligence,1131
1043,Logan,Cook,Software Tester,1132
1044,Chloe,Morgan,Public Relations,1139
1045,Isaac,Bell,Game Designer,1119
1046,Ellie,Murphy,Blockchain Developer,1150
1047,Sebastian,Bailey,Digital Marketer,1111
1048,Zoey,Rivera,IT Auditor,1157
1049,Levi,Cooper,System Administrator,1115
1050,Nora,Richardson,SEO Specialist,1138