ReviewID,ApplicationID,SatisfactionLevel,Comments
1001,B04DM,5,"Great job opportunity, smooth hiring process."
1002,NXO1O,4,"Job role was well-explained, overall good experience."
1003,Y7WZE,3,"The job responsibilities were unclear."
1004,I6IZ9,2,"Job expectations were different from the description."
1005,X8IVI,1,"Mismatch between job description and actual role."
1006,OHLNP,5,"Happy with the job offer and company culture."
1007,I2BEN,4,"The job aligns well with my skills."
1008,XKJL0,3,"Expected a higher salary for the job."
1009,D87DT,2,"Job growth opportunities seem limited."
1010,Q7N0I,1,"Job security was not assured during the interview."
1011,Q2E60,5,"Very satisfied with the job package and perks."
1012,57HSQ,4,"The job environment seems positive."
1013,UQ4GB,3,"Not sure if the job offers career growth."
1014,8IM6X,2,"Job expectations were not discussed properly."
1015,G0APB,1,"The job seemed different from what was posted."
1016,K8TM5,5,"Excited to join this job, great interview experience!"
1017,FE20P,4,"Job responsibilities were well-explained."
1018,CYJ57,3,"The job seems challenging but manageable."
1019,6SZNN,2,"Interviewers were unsure about job details."
1020,4WUPJ,1,"Not satisfied with the job's salary package."
1021,Y06RP,5,"This job is exactly what I was looking for!"
1022,XU7QE,4,"The job training program sounds excellent."
1023,4UIV4,3,"Not sure if the job will be remote or onsite."
1024,UOWFS,2,"Job title does not match the actual work."
1025,HCGYL,1,"Job offer was revoked without explanation."
1026,Z98XI,5,"Great job opportunity, happy with the hiring process."
1027,V0U8D,4,"Fair job evaluation process."
1028,LZUXT,3,"Job location should have been mentioned earlier."
1029,31IO1,2,"Job expectations were vague."
1030,IJQWM,1,"No job benefits were discussed."
1031,V7WB1,5,"The job perks are excellent!"
1032,FE73X,4,"The job training is well-structured."
1033,IC42A,3,"Job promotion criteria were unclear."
1034,7C9E1,2,"The job tasks seemed too complex."
1035,Y3ULX,1,"No clarity on the job's probation period."
1036,DRK3J,5,"The job growth opportunities are promising."
1037,6HBM6,4,"The job expectations were well-communicated."
1038,XDJGG,3,"Job timing flexibility needs to be discussed."
1039,PB13F,2,"No discussion about job promotions."
1040,PJQGC,1,"The job contract had unclear clauses."
1041,Q15NW,5,"The job benefits are outstanding!"
1042,BRJEM,4,"The job role perfectly matches my skills."
1043,46JA1,3,"Would have preferred more details on job tasks."
1044,A87G1,2,"Job probation period was too long."
1045,2IIH5,1,"No clarity on job location flexibility."
1046,CI04A,5,"The job package is competitive."
1047,1ER3Q,4,"Job security seems strong in this company."
1048,AQN9F,3,"The job onboarding process needs improvement."
1049,AIQAO,2,"Not enough information about job shifts."
1050,AQ4NT,1,"The job offer process was poorly managed."