RecruiterID,FirstName,LastName,SocialLink
10111,Alice,Johnson,https://linkedin.com/in/alicejohnson
10112,Bob,Smith,https://linkedin.com/in/bobsmith
10113,Carol,Davis,https://linkedin.com/in/caroldavis
10114,David,Wilson,https://linkedin.com/in/davidwilson
10115,Emma,Brown,https://linkedin.com/in/emmabrown
10116,Frank,White,https://linkedin.com/in/frankwhite
10117,Grace,Harris,https://linkedin.com/in/graceharris
10118,Henry,Martin,https://linkedin.com/in/henrymartin
10119,Ivy,Thompson,https://linkedin.com/in/ivythompson
10120,Jack,Lewis,https://linkedin.com/in/jacklewis
10121,Kate,Walker,https://linkedin.com/in/katewalker
10122,Liam,Hall,https://linkedin.com/in/liamhall
10123,Mia,Allen,https://linkedin.com/in/miaallen
10124,Noah,Young,https://linkedin.com/in/noahyoung
10125,Olivia,King,https://linkedin.com/in/oliviaking
10126,Paul,Scott,https://linkedin.com/in/paulscott
10127,Quinn,Green,https://linkedin.com/in/quinngreen
10128,Ryan,Adams,https://linkedin.com/in/ryanadams
10129,Sophia,Baker,https://linkedin.com/in/sophiabaker
10130,Tom,Carter,https://linkedin.com/in/tomcarter
10131,Usha,Patel,https://linkedin.com/in/ushapatel
10132,Victor,Rogers,https://linkedin.com/in/victorrogers
10133,Wendy,Foster,https://linkedin.com/in/wendyfoster
10134,Xavier,Reed,https://linkedin.com/in/xavierreed
10135,Yasmine,Torres,https://linkedin.com/in/yasminetorres
10136,Zach,Murphy,https://linkedin.com/in/zachmurphy
10137,Amber,Hughes,https://linkedin.com/in/amberhughes
10138,Brandon,Flores,https://linkedin.com/in/brandonflores
10139,Chloe,Sanders,https://linkedin.com/in/chloesanders
10140,Derek,Ross,https://linkedin.com/in/derekross
10141,Ella,Parker,https://linkedin.com/in/ellaparker
10142,Finn,Brooks,https://linkedin.com/in/finnbrooks
10143,Gabriella,Ward,https://linkedin.com/in/gabriellaward
10144,Hayden,Cox,https://linkedin.com/in/haydencox
10145,Isabelle,Howard,https://linkedin.com/in/isabellehoward
10146,Jason,Ramirez,https://linkedin.com/in/jasonramirez
10147,Kim,Price,https://linkedin.com/in/kimprice
10148,Lucas,Barnes,https://linkedin.com/in/lucasbarnes
10149,Maya,Powell,https://linkedin.com/in/mayapowell
10150,Nathan,Cook,https://linkedin.com/in/nathancook
10151,Olivia,Morgan,https://linkedin.com/in/oliviamorgan
10152,Peter,Bell,https://linkedin.com/in/peterbell
10153,Quinn,Griffin,https://linkedin.com/in/quinngriffin
10154,Rachel,Butler,https://linkedin.com/in/rachelbutler
10155,Samuel,Bryant,https://linkedin.com/in/samuelbryant
10156,Taylor,Evans,https://linkedin.com/in/taylorevans
10157,Uma,Sanders,https://linkedin.com/in/umasanders
10158,Victor,Coleman,https://linkedin.com/in/victorcoleman
10159,Whitney,Jenkins,https://linkedin.com/in/whitneyjenkins
10160,Xavier,Perry,https://linkedin.com/in/xavierperry