SkillID,SkillName
1,Python Programming
2,Data Analysis
3,Project Management
4,Digital Marketing
5,Graphic Design
6,Web Development
7,Cloud Computing
8,Cybersecurity
9,Machine Learning
10,SQL Database Management
11,Java Programming
12,Agile Methodology
13,UX/UI Design
14,Financial Analysis
15,Content Writing
16,Network Administration
17,DevOps
18,Business Intelligence
19,Mobile App Development
20,Public Speaking
21,Customer Service
22,Sales Strategy
23,Risk Management
24,Supply Chain Management
25,Artificial Intelligence
26,Data Visualization
27,Software Testing
28,IT Support
29,Event Planning
30,Human Resources
31,Social Media Management
32,Technical Writing
33,Leadership
34,Time Management
35,Problem Solving
36,Team Collaboration
37,Research and Development
38,Quality Assurance
39,E-commerce Management
40,Video Editing
41,SEO Optimization
42,Blockchain Development
43,API Integration
44,Data Engineering
45,Product Design
46,Conflict Resolution
47,Negotiation Skills
48,Strategic Planning
49,Change Management
50,Emotional Intelligence